hypothesis,groups,n,shapiro_p,levene_p,test_used,statistic,pvalue,mean_diff,grp1_mean,grp2_mean,bootstrap_diff_mean_95CI,statistic_r,bootstrap_r_95CI
H1,"('Group_1', 'Group_0')","(1222, 1170)","(np.float64(9.484194994395262e-10), np.float64(4.305574928218884e-11))",0.8738018587494647,Mann-Whitney U (two-sided),703012.5,0.4825496015386245,-0.024453584641215942,1.8942253102389894,1.9186788948802054,"(-0.09695104545881747, 0.04869074566143079)",,
H2,,2392,"(np.float64(3.5935060266820793e-25), np.float64(7.294327280605757e-16))",,Spearman rho,,8.420971033451498e-17,,,,,0.16908213802512376,"(0.12913878982322202, 0.20885168901845272)"
